{
    "S": {
        "0": -0.3328902880821861,
        "1": 0.8481598163119222,
        "2": 2.2993610434746916,
        "3": -0.16830575493316133,
        "4": -0.07887003746181082,
        "5": -0.16830575493316133,
        "6": 0.8481598163119222,
        "7": 2.920660731074257,
        "8": -0.6437174733252103,
        "9": -0.3328902880821861
    },
    "T": {
        "0": -0.0756405342495219,
        "1": 0.5314467751231727,
        "2": 0.9277656622395711,
        "3": -0.0756405342495219,
        "4": -0.0756405342495219,
        "5": -0.42972835341941346,
        "6": -0.0756405342495219,
        "7": -0.0756405342495219,
        "8": -0.42972835341941346,
        "9": -0.42972835341941346
    },
    "G": {
        "0": -0.4954660315902958,
        "1": -0.4954660315902958,
        "2": -0.4954660315902958,
        "3": -0.4954660315902958,
        "4": -0.2287557869621286,
        "5": -0.4954660315902958,
        "6": -0.4954660315902958,
        "7": -0.4954660315902958,
        "8": -0.4954660315902958,
        "9": -0.4954660315902958
    },
    "A": {
        "0": -0.11446971952156082,
        "1": -0.2502796392131537,
        "2": -0.5270733391963965,
        "3": 0.3875164266867452,
        "4": 0.7069539052067194,
        "5": -0.5270733391963965,
        "6": -0.11446971952156082,
        "7": -0.11446971952156082,
        "8": -0.5270733391963965,
        "9": -0.2502796392131537
    },
    "P": {
        "0": 0.3421355428734003,
        "1": 0.6354868147722843,
        "2": -0.27750317651374273,
        "3": 0.6354868147722843,
        "4": -0.13174043075179503,
        "5": -0.5662527760818667,
        "6": -0.27750317651374273,
        "7": 0.6354868147722843,
        "8": 20,
        "9": -0.5662527760818667
    },
    "I": {
        "0": -0.18382865766828488,
        "1": -0.04843387406802552,
        "2": -0.04843387406802552,
        "3": 0.6991391049675771,
        "4": 0.6991391049675771,
        "5": -0.18382865766828488,
        "6": -0.04843387406802552,
        "7": -0.04843387406802552,
        "8": -0.18382865766828488,
        "9": 2.0504830298584533
    },
    "L": {
        "0": 1.6846134582569894,
        "1": -0.14419770569419488,
        "2": -0.14419770569419488,
        "3": 1.1248636784088297,
        "4": 0.31404318996340763,
        "5": -0.3637806277265471,
        "6": 1.6846134582569894,
        "7": -0.3637806277265471,
        "8": -0.3637806277265471,
        "9": 0.31404318996340763
    },
    "V": {
        "0": 1.410513516573686,
        "1": 0.4267057986719468,
        "2": 0.4267057986719468,
        "3": 2.063265842214345,
        "4": -0.1018391712552714,
        "5": -0.2906997824840396,
        "6": -0.2906997824840396,
        "7": -0.2906997824840396,
        "8": -0.1018391712552714,
        "9": -0.1018391712552714
    },
    "M": {
        "0": -0.13827668151842715,
        "1": -0.13827668151842715,
        "2": 0.3269689454240648,
        "3": -0.13827668151842715,
        "4": 0.3269689454240648,
        "5": -0.13827668151842715,
        "6": 0.890516024251725,
        "7": -0.13827668151842715,
        "8": -0.13827668151842715,
        "9": -0.13827668151842715
    },
    "F": {
        "0": -0.09923823266373502,
        "1": 0.43554068650979827,
        "2": -0.09923823266373502,
        "3": -0.09923823266373502,
        "4": 0.43554068650979827,
        "5": -0.09923823266373502,
        "6": -0.09923823266373502,
        "7": -0.09923823266373502,
        "8": -0.09923823266373502,
        "9": -0.09923823266373502
    },
    "H": {
        "0": -0.15984330653383774,
        "1": 0.7913408846808672,
        "2": 2.2571645458000495,
        "3": -0.15984330653383774,
        "4": -0.038295357761427194,
        "5": -0.038295357761427194,
        "6": 2.2571645458000495,
        "7": -0.15984330653383774,
        "8": -0.15984330653383774,
        "9": -0.15984330653383774
    },
    "Y": {
        "0": 0.4849269291680571,
        "1": -0.08612020454111242,
        "2": -0.08612020454111242,
        "3": -0.08612020454111242,
        "4": 0.4849269291680571,
        "5": -0.08612020454111242,
        "6": -0.08612020454111242,
        "7": -0.08612020454111242,
        "8": -0.08612020454111242,
        "9": 0.4849269291680571
    },
    "W": {
        "0": -0.030302269432702922,
        "1": -0.030302269432702922,
        "2": -0.030302269432702922,
        "3": -0.030302269432702922,
        "4": -0.030302269432702922,
        "5": -0.030302269432702922,
        "6": -0.030302269432702922,
        "7": -0.030302269432702922,
        "8": -0.030302269432702922,
        "9": -0.030302269432702922
    },
    "C": {
        "0": 0.8700600932126196,
        "1": -0.031461227499892115,
        "2": -0.031461227499892115,
        "3": -0.031461227499892115,
        "4": -0.031461227499892115,
        "5": -0.031461227499892115,
        "6": -0.031461227499892115,
        "7": -0.031461227499892115,
        "8": -0.031461227499892115,
        "9": -0.031461227499892115
    },
    "K": {
        "0": -0.44053488673939284,
        "1": -0.44053488673939284,
        "2": -0.19239364224749783,
        "3": -0.44053488673939284,
        "4": -0.19239364224749783,
        "5": -0.44053488673939284,
        "6": 0.5128335598084357,
        "7": -0.44053488673939284,
        "8": -0.44053488673939284,
        "9": -0.44053488673939284
    },
    "R": {
        "0": -0.08079699471908162,
        "1": -0.44362175057468883,
        "2": -0.44362175057468883,
        "3": -0.1943989665511403,
        "4": -0.44362175057468883,
        "5": 20,
        "6": -0.1943989665511403,
        "7": -0.1943989665511403,
        "8": -0.44362175057468883,
        "9": -0.44362175057468883
    },
    "D": {
        "0": -0.05828321370296224,
        "1": -0.05828321370296224,
        "2": -0.37982421256625865,
        "3": -0.37982421256625865,
        "4": -0.15398873128205504,
        "5": -0.37982421256625865,
        "6": -0.15398873128205504,
        "7": -0.37982421256625865,
        "8": -0.37982421256625865,
        "9": 1.6144758048971433
    },
    "E": {
        "0": 0.3212898706352643,
        "1": -0.14083663503926716,
        "2": -0.2915403801770273,
        "3": -0.14083663503926716,
        "4": 0.3212898706352643,
        "5": -0.5861485951676628,
        "6": -0.5861485951676628,
        "7": 0.3212898706352643,
        "8": -0.5861485951676628,
        "9": 3.9261434409684624
    },
    "N": {
        "0": -0.31243324793298344,
        "1": 0.38881371718417457,
        "2": -0.11402063032956743,
        "3": -0.31243324793298344,
        "4": -0.31243324793298344,
        "5": -0.31243324793298344,
        "6": -0.31243324793298344,
        "7": 0.38881371718417457,
        "8": -0.31243324793298344,
        "9": -0.31243324793298344
    },
    "Q": {
        "0": 0.31204777610178225,
        "1": 0.6600567782994681,
        "2": 1.1196304637940515,
        "3": 1.1196304637940515,
        "4": 0.6600567782994681,
        "5": -0.3653402822249151,
        "6": 0.31204777610178225,
        "7": 1.6776185009470643,
        "8": -0.3653402822249151,
        "9": 1.1196304637940515
    },
    "-": {
        "0": null,
        "1": null,
        "2": null,
        "3": null,
        "4": null,
        "5": null,
        "6": null,
        "7": null,
        "8": null,
        "9": null
    }
}