{
    "S": {
        "0": 0.39153836080882043,
        "1": -1.3942928468889504,
        "2": -0.18566322384791253,
        "3": -0.6490850457318776,
        "4": -1.3942928468889504,
        "5": -0.9444813301144145,
        "6": -0.44042477272502356,
        "7": -1.3942928468889504,
        "8": -1.3942928468889504,
        "9": -1.3942928468889504,
        "10": 0.39153836080882043,
        "11": 1.1052295812629107,
        "12": 0.39153836080882043,
        "13": 0.8243229648383145
    },
    "T": {
        "0": -0.33759996380912205,
        "1": -0.33759996380912205,
        "2": -0.5593435590996584,
        "3": -0.10912364774222956,
        "4": -0.930986040056097,
        "5": 0.640738707079671,
        "6": -0.5593435590996584,
        "7": -0.33759996380912205,
        "8": -0.930986040056097,
        "9": -0.930986040056097,
        "10": -0.19711281200514483,
        "11": -0.930986040056097,
        "12": -0.10912364774222956,
        "13": -0.19711281200514483
    },
    "G": {
        "0": -1.0732763643560708,
        "1": 1.0085317314159106,
        "2": -0.08826976561689755,
        "3": -0.428151433641332,
        "4": -1.0732763643560708,
        "5": -0.08826976561689755,
        "6": -0.08826976561689755,
        "7": 1.3488790788260876,
        "8": -1.0732763643560708,
        "9": 20,
        "10": -0.428151433641332,
        "11": -0.26502796674165013,
        "12": -0.428151433641332,
        "13": -0.428151433641332
    },
    "A": {
        "0": -0.18308974291154625,
        "1": -0.7313586842764677,
        "2": 0.6310061575040409,
        "3": -0.18308974291154625,
        "4": -1.141704453772677,
        "5": -1.141704453772677,
        "6": 0.8989118610890275,
        "7": 0.41255009529786785,
        "8": 0.41255009529786785,
        "9": -1.141704453772677,
        "10": 0.41255009529786785,
        "11": 1.980915346876265,
        "12": -0.10618739664830769,
        "13": -0.3000513638271173
    },
    "P": {
        "0": -0.13061404912284205,
        "1": -1.2265366043603012,
        "2": -0.8022096068613901,
        "3": 0.34485107009244387,
        "4": -1.2265366043603012,
        "5": -0.345362521204916,
        "6": -0.2172427859865767,
        "7": 20,
        "8": -0.345362521204916,
        "9": -1.2265366043603012,
        "10": -1.2265366043603012,
        "11": -0.5311213240550043,
        "12": -1.2265366043603012,
        "13": -0.2172427859865767
    },
    "I": {
        "0": -0.3991146521317673,
        "1": -0.06755083294198956,
        "2": 1.4709536286168148,
        "3": 2.040657456069927,
        "4": -0.3991146521317673,
        "5": -0.06755083294198956,
        "6": -0.16847348483721036,
        "7": -0.06755083294198956,
        "8": 0.9781793012281627,
        "9": -0.3991146521317673,
        "10": -0.06755083294198956,
        "11": -0.16847348483721036,
        "12": -0.06755083294198956,
        "13": -0.16847348483721036
    },
    "L": {
        "0": -0.13672065710583295,
        "1": 5.114944724014116,
        "2": 1.6361262853928902,
        "3": 0.33049085908259274,
        "4": -0.788282745567785,
        "5": 3.181281921972105,
        "6": 0.5648127044620681,
        "7": -0.4469434514684729,
        "8": 3.181281921972105,
        "9": -0.788282745567785,
        "10": 0.5648127044620681,
        "11": -0.252845499146718,
        "12": 0.33049085908259274,
        "13": -0.252845499146718
    },
    "V": {
        "0": 0.8229876197961093,
        "1": -0.3277170334545477,
        "2": 0.5081300751998147,
        "3": 0.5081300751998147,
        "4": -0.6301964066586088,
        "5": -0.08068971934353625,
        "6": 0.5081300751998147,
        "7": -0.08068971934353625,
        "8": 0.8229876197961093,
        "9": -0.6301964066586088,
        "10": -0.16797440335865507,
        "11": 0.5081300751998147,
        "12": 1.2075265037842533,
        "13": -0.08068971934353625
    },
    "M": {
        "0": -0.30063822807277757,
        "1": -0.10902884302036862,
        "2": -0.30063822807277757,
        "3": -0.10902884302036862,
        "4": -0.30063822807277757,
        "5": 1.3275276981697055,
        "6": -0.10902884302036862,
        "7": -0.30063822807277757,
        "8": -0.30063822807277757,
        "9": -0.30063822807277757,
        "10": 2.6237390868460246,
        "11": 0.4036893852340445,
        "12": 0.811303634725266,
        "13": 0.4036893852340445
    },
    "F": {
        "0": -0.064327170791333,
        "1": -0.064327170791333,
        "2": -0.21621670095645024,
        "3": 1.125279677568955,
        "4": -0.21621670095645024,
        "5": -0.21621670095645024,
        "6": -0.064327170791333,
        "7": -0.21621670095645024,
        "8": -0.21621670095645024,
        "9": -0.21621670095645024,
        "10": -0.21621670095645024,
        "11": -0.21621670095645024,
        "12": -0.21621670095645024,
        "13": -0.064327170791333
    },
    "H": {
        "0": -0.13634638878717853,
        "1": -0.3472630390549952,
        "2": -0.3472630390549952,
        "3": 0.6858809479170718,
        "4": -0.3472630390549952,
        "5": 0.331346052708884,
        "6": -0.3472630390549952,
        "7": -0.3472630390549952,
        "8": -0.3472630390549952,
        "9": -0.3472630390549952,
        "10": 1.6942754630065189,
        "11": -0.13634638878717853,
        "12": 1.145096392851372,
        "13": -0.3472630390549952
    },
    "Y": {
        "0": -0.05100892166204887,
        "1": 0.679119033590938,
        "2": -0.1878313374270646,
        "3": -0.1878313374270646,
        "4": -0.1878313374270646,
        "5": -0.1878313374270646,
        "6": -0.1878313374270646,
        "7": -0.1878313374270646,
        "8": -0.05100892166204887,
        "9": -0.1878313374270646,
        "10": -0.1878313374270646,
        "11": -0.1878313374270646,
        "12": -0.05100892166204887,
        "13": -0.1878313374270646
    },
    "W": {
        "0": 0.5775786679290538,
        "1": -0.06670788032641421,
        "2": 1.4227557247078924,
        "3": -0.06670788032641421,
        "4": -0.06670788032641421,
        "5": 1.4227557247078924,
        "6": -0.06670788032641421,
        "7": -0.06670788032641421,
        "8": -0.06670788032641421,
        "9": -0.06670788032641421,
        "10": -0.06670788032641421,
        "11": -0.06670788032641421,
        "12": 0.5775786679290538,
        "13": -0.06670788032641421
    },
    "C": {
        "0": -0.06923492612191433,
        "1": -0.06923492612191433,
        "2": -0.06923492612191433,
        "3": 0.5638260005047921,
        "4": -0.06923492612191433,
        "5": -0.06923492612191433,
        "6": -0.06923492612191433,
        "7": 1.3940484420738735,
        "8": 2.3918261450866027,
        "9": -0.06923492612191433,
        "10": 4.739406029948377,
        "11": 0.5638260005047921,
        "12": -0.06923492612191433,
        "13": -0.06923492612191433
    },
    "K": {
        "0": -0.954374209680052,
        "1": -0.3521045149279199,
        "2": -0.5781142313093761,
        "3": -0.954374209680052,
        "4": -0.954374209680052,
        "5": -0.954374209680052,
        "6": -0.5781142313093761,
        "7": -0.954374209680052,
        "8": -0.954374209680052,
        "9": -0.954374209680052,
        "10": -0.5781142313093761,
        "11": -0.954374209680052,
        "12": -0.5781142313093761,
        "13": -0.5781142313093761
    },
    "R": {
        "0": -0.5834924488306693,
        "1": -0.9610551961789797,
        "2": -0.9610551961789797,
        "3": -0.9610551961789797,
        "4": 20,
        "5": 0.3757418374946182,
        "6": -0.9610551961789797,
        "7": -0.9610551961789797,
        "8": -0.5834924488306693,
        "9": -0.9610551961789797,
        "10": -0.3562767902102777,
        "11": -0.11865201740004301,
        "12": -0.5834924488306693,
        "13": -0.5834924488306693
    },
    "D": {
        "0": -0.27282683891562165,
        "1": -0.15062217122099208,